{
  "model": "lstm",
  "run_id": "997e11a0e42d4239b70ce3f0f09e0fdc",
  "experiment_id": "0",
  "accuracy": 0.49206349206349204,
  "precision": 0.5714285714285714,
  "recall": 0.23529411764705882,
  "f1": 0.3333333333333333,
  "n_test": 63,
  "positive_rate_test": 0.5396825396825397,
  "confusion_matrix": [
    [
      23,
      6
    ],
    [
      26,
      8
    ]
  ],
  "roc_auc": 0.4381338742393509
}