{
  "model": "lstm",
  "run_id": "54fad58c0a4b4cfc9bcb34c782218c3d",
  "experiment_id": "936967386087973364",
  "accuracy": 0.36507936507936506,
  "precision": 0.5,
  "recall": 0.025,
  "f1": 0.047619047619047616,
  "n_test": 63,
  "positive_rate_test": 0.6349206349206349,
  "confusion_matrix": [
    [
      22,
      1
    ],
    [
      39,
      1
    ]
  ],
  "roc_auc": 0.5228260869565217
}