{
  "model": "lstm",
  "run_id": "2396b243a1f449f8a3b50d55c73e3f3e",
  "experiment_id": "0",
  "accuracy": 0.5714285714285714,
  "precision": 0.5,
  "recall": 0.5185185185185185,
  "f1": 0.509090909090909,
  "n_test": 63,
  "positive_rate_test": 0.42857142857142855,
  "confusion_matrix": [
    [
      22,
      14
    ],
    [
      13,
      14
    ]
  ],
  "roc_auc": 0.49999999999999994
}