{
  "model": "lstm",
  "run_id": "d31b996ee1b94beebe2376e0bfb97798",
  "experiment_id": "0",
  "accuracy": 0.4603174603174603,
  "precision": 0.5333333333333333,
  "recall": 0.22857142857142856,
  "f1": 0.32,
  "n_test": 63,
  "positive_rate_test": 0.5555555555555556,
  "confusion_matrix": [
    [
      21,
      7
    ],
    [
      27,
      8
    ]
  ],
  "roc_auc": 0.5010204081632653
}