{
  "model": "lstm",
  "run_id": "3bccc7d2db814b249ae18178e452fb31",
  "experiment_id": "0",
  "accuracy": 0.5555555555555556,
  "precision": 0.5454545454545454,
  "recall": 0.20689655172413793,
  "f1": 0.3,
  "n_test": 63,
  "positive_rate_test": 0.4603174603174603,
  "confusion_matrix": [
    [
      29,
      5
    ],
    [
      23,
      6
    ]
  ],
  "roc_auc": 0.5060851926977687
}