{
  "model": "lstm",
  "run_id": "1af7eaaa2eb0485ca054b381951a158c",
  "experiment_id": "0",
  "accuracy": 0.42857142857142855,
  "precision": 0.26666666666666666,
  "recall": 0.13793103448275862,
  "f1": 0.18181818181818182,
  "n_test": 63,
  "positive_rate_test": 0.4603174603174603,
  "confusion_matrix": [
    [
      23,
      11
    ],
    [
      25,
      4
    ]
  ],
  "roc_auc": 0.4178498985801217
}