{
  "model": "lstm",
  "run_id": "1f2ce3f1cbdb4059862a1d239c8a6d7c",
  "experiment_id": "0",
  "accuracy": 0.3968253968253968,
  "precision": 0.38181818181818183,
  "recall": 0.84,
  "f1": 0.525,
  "n_test": 63,
  "positive_rate_test": 0.3968253968253968,
  "confusion_matrix": [
    [
      4,
      34
    ],
    [
      4,
      21
    ]
  ],
  "roc_auc": 0.5168421052631579
}