{
  "model": "lstm",
  "run_id": "9b5ff8bfb98a4f8697abd42fd6bf0d7d",
  "experiment_id": "0",
  "accuracy": 0.46875,
  "precision": 0.4528301886792453,
  "recall": 0.8275862068965517,
  "f1": 0.5853658536585366,
  "n_test": 64,
  "positive_rate_test": 0.453125,
  "confusion_matrix": [
    [
      6,
      29
    ],
    [
      5,
      24
    ]
  ],
  "roc_auc": 0.49852216748768474
}