{
  "model": "lstm",
  "run_id": "38427abc20ff48e69495651ad3c3293c",
  "experiment_id": "0",
  "accuracy": 0.5079365079365079,
  "precision": 0.44680851063829785,
  "recall": 0.8076923076923077,
  "f1": 0.5753424657534246,
  "n_test": 63,
  "positive_rate_test": 0.4126984126984127,
  "confusion_matrix": [
    [
      11,
      26
    ],
    [
      5,
      21
    ]
  ],
  "roc_auc": 0.5332640332640333
}