{
  "model": "lstm",
  "run_id": "e4ee927b228f4096af4c4ee684c4615f",
  "experiment_id": "0",
  "accuracy": 0.47619047619047616,
  "precision": 0.4423076923076923,
  "recall": 0.8518518518518519,
  "f1": 0.5822784810126582,
  "n_test": 63,
  "positive_rate_test": 0.42857142857142855,
  "confusion_matrix": [
    [
      7,
      29
    ],
    [
      4,
      23
    ]
  ],
  "roc_auc": 0.537037037037037
}