{
  "model": "lstm",
  "run_id": "c2f2eb63ee1b4c1ba9062ad80c2bba07",
  "experiment_id": "0",
  "accuracy": 0.5079365079365079,
  "precision": 0.4,
  "recall": 0.21428571428571427,
  "f1": 0.27906976744186046,
  "n_test": 63,
  "positive_rate_test": 0.4444444444444444,
  "confusion_matrix": [
    [
      26,
      9
    ],
    [
      22,
      6
    ]
  ],
  "roc_auc": 0.4908163265306123
}