{
  "model": "lstm",
  "run_id": "3360f1d5117a4f04b0539ac331e5f9d5",
  "experiment_id": "264692480913386188",
  "accuracy": 0.5079365079365079,
  "precision": 1.0,
  "recall": 0.1388888888888889,
  "f1": 0.24390243902439024,
  "n_test": 63,
  "positive_rate_test": 0.5714285714285714,
  "confusion_matrix": [
    [
      27,
      0
    ],
    [
      31,
      5
    ]
  ],
  "roc_auc": 0.47427983539094654
}