{
  "model": "lstm",
  "run_id": "62590b9d87e64ae48131578909b1986b",
  "experiment_id": "0",
  "accuracy": 0.4603174603174603,
  "precision": 0.16666666666666666,
  "recall": 0.03333333333333333,
  "f1": 0.05555555555555555,
  "n_test": 63,
  "positive_rate_test": 0.47619047619047616,
  "confusion_matrix": [
    [
      28,
      5
    ],
    [
      29,
      1
    ]
  ],
  "roc_auc": 0.4191919191919192
}