{
  "model": "lstm",
  "run_id": "8cfd102ffc374675b76f941140ac6c6b",
  "experiment_id": "0",
  "accuracy": 0.46875,
  "precision": 0.5625,
  "recall": 0.25,
  "f1": 0.34615384615384615,
  "n_test": 64,
  "positive_rate_test": 0.5625,
  "confusion_matrix": [
    [
      21,
      7
    ],
    [
      27,
      9
    ]
  ],
  "roc_auc": 0.5386904761904762
}