{
  "model": "lstm",
  "run_id": "f64859e02f004d8ab3e18277ca972812",
  "experiment_id": "0",
  "accuracy": 0.5079365079365079,
  "precision": 0.3684210526315789,
  "recall": 0.2692307692307692,
  "f1": 0.3111111111111111,
  "n_test": 63,
  "positive_rate_test": 0.4126984126984127,
  "confusion_matrix": [
    [
      25,
      12
    ],
    [
      19,
      7
    ]
  ],
  "roc_auc": 0.48336798336798337
}