{
  "model": "lstm",
  "run_id": "f7b3d7aa0ba8415babacd598dcb97b2a",
  "experiment_id": "0",
  "accuracy": 0.6031746031746031,
  "precision": 0.55,
  "recall": 0.4074074074074074,
  "f1": 0.46808510638297873,
  "n_test": 63,
  "positive_rate_test": 0.42857142857142855,
  "confusion_matrix": [
    [
      27,
      9
    ],
    [
      16,
      11
    ]
  ],
  "roc_auc": 0.5174897119341564
}