{
  "model": "lstm",
  "run_id": "78e955eab9384309a12c1230616ef83d",
  "experiment_id": "0",
  "accuracy": 0.5396825396825397,
  "precision": 0.4642857142857143,
  "recall": 0.48148148148148145,
  "f1": 0.4727272727272727,
  "n_test": 63,
  "positive_rate_test": 0.42857142857142855,
  "confusion_matrix": [
    [
      21,
      15
    ],
    [
      14,
      13
    ]
  ],
  "roc_auc": 0.5102880658436213
}