{
  "model": "lstm",
  "run_id": "3a1c31457c1d4653b53fce78a54057b9",
  "experiment_id": "0",
  "accuracy": 0.5873015873015873,
  "precision": 0.5172413793103449,
  "recall": 0.5555555555555556,
  "f1": 0.5357142857142857,
  "n_test": 63,
  "positive_rate_test": 0.42857142857142855,
  "confusion_matrix": [
    [
      22,
      14
    ],
    [
      12,
      15
    ]
  ],
  "roc_auc": 0.5154320987654322
}