{
  "model": "rf",
  "run_id": "b0e2c7d7404746feba1e8c8df57b301c",
  "experiment_id": "0",
  "accuracy": 0.5873015873015873,
  "precision": 0.5689655172413793,
  "recall": 0.9705882352941176,
  "f1": 0.717391304347826,
  "n_test": 63,
  "positive_rate_test": 0.5396825396825397,
  "confusion_matrix": [
    [
      4,
      25
    ],
    [
      1,
      33
    ]
  ],
  "roc_auc": 0.5436105476673427
}