{
  "model": "lstm",
  "run_id": "a5e6ab442dca4c42962ebc7885265c37",
  "experiment_id": "0",
  "accuracy": 0.5238095238095238,
  "precision": 0.44,
  "recall": 0.4074074074074074,
  "f1": 0.4230769230769231,
  "n_test": 63,
  "positive_rate_test": 0.42857142857142855,
  "confusion_matrix": [
    [
      22,
      14
    ],
    [
      16,
      11
    ]
  ],
  "roc_auc": 0.5061728395061729
}