{
  "model": "lstm",
  "run_id": "ce911441ed40404c9b0eb6991adbe955",
  "experiment_id": "0",
  "accuracy": 0.4603174603174603,
  "precision": 1.0,
  "recall": 0.02857142857142857,
  "f1": 0.05555555555555555,
  "n_test": 63,
  "positive_rate_test": 0.5555555555555556,
  "confusion_matrix": [
    [
      28,
      0
    ],
    [
      34,
      1
    ]
  ],
  "roc_auc": 0.5489795918367347
}