{
  "model": "lstm",
  "run_id": "2ec3aed5d0044feaba168cd83c5ca314",
  "experiment_id": "233157145375069071",
  "accuracy": 0.4444444444444444,
  "precision": 1.0,
  "recall": 0.05405405405405406,
  "f1": 0.10256410256410256,
  "n_test": 63,
  "positive_rate_test": 0.5873015873015873,
  "confusion_matrix": [
    [
      26,
      0
    ],
    [
      35,
      2
    ]
  ],
  "roc_auc": 0.5374220374220374
}