{
  "model": "lstm",
  "run_id": "13d14ae15eb040ba9ea7d12c5902542f",
  "experiment_id": "0",
  "accuracy": 0.47619047619047616,
  "precision": 0.3333333333333333,
  "recall": 0.32,
  "f1": 0.32653061224489793,
  "n_test": 63,
  "positive_rate_test": 0.3968253968253968,
  "confusion_matrix": [
    [
      22,
      16
    ],
    [
      17,
      8
    ]
  ],
  "roc_auc": 0.4905263157894737
}