{
  "model": "lstm",
  "run_id": "f92b19e9ac27419394290e45bd837d9e",
  "experiment_id": "0",
  "accuracy": 0.4603174603174603,
  "precision": 0.3333333333333333,
  "recall": 0.36,
  "f1": 0.34615384615384615,
  "n_test": 63,
  "positive_rate_test": 0.3968253968253968,
  "confusion_matrix": [
    [
      20,
      18
    ],
    [
      16,
      9
    ]
  ],
  "roc_auc": 0.4589473684210526
}