{
  "model": "lstm",
  "run_id": "a38660bc8938410ab59bf7e7e58af3cf",
  "experiment_id": "844604126432249975",
  "accuracy": 0.36507936507936506,
  "precision": 0.0,
  "recall": 0.0,
  "f1": 0.0,
  "n_test": 63,
  "positive_rate_test": 0.6190476190476191,
  "confusion_matrix": [
    [
      23,
      1
    ],
    [
      39,
      0
    ]
  ],
  "roc_auc": 0.5341880341880343
}