{
  "model": "lstm",
  "run_id": "d0e4205305024ea9a2295f2a74d0aed9",
  "experiment_id": "0",
  "accuracy": 0.49206349206349204,
  "precision": 0.42857142857142855,
  "recall": 0.5555555555555556,
  "f1": 0.4838709677419355,
  "n_test": 63,
  "positive_rate_test": 0.42857142857142855,
  "confusion_matrix": [
    [
      16,
      20
    ],
    [
      12,
      15
    ]
  ],
  "roc_auc": 0.5205761316872428
}