{
  "model": "lstm",
  "run_id": "20d19f7aa76a40d3a708ce29affbe4b3",
  "experiment_id": "0",
  "accuracy": 0.49206349206349204,
  "precision": 0.45098039215686275,
  "recall": 0.8518518518518519,
  "f1": 0.5897435897435898,
  "n_test": 63,
  "positive_rate_test": 0.42857142857142855,
  "confusion_matrix": [
    [
      8,
      28
    ],
    [
      4,
      23
    ]
  ],
  "roc_auc": 0.5298353909465021
}