{
  "model": "lstm",
  "run_id": "014f81a0d2e742d2b243fc18ba06f75b",
  "experiment_id": "0",
  "accuracy": 0.4603174603174603,
  "precision": 0.5454545454545454,
  "recall": 0.17142857142857143,
  "f1": 0.2608695652173913,
  "n_test": 63,
  "positive_rate_test": 0.5555555555555556,
  "confusion_matrix": [
    [
      23,
      5
    ],
    [
      29,
      6
    ]
  ],
  "roc_auc": 0.5806122448979592
}