{
  "model": "lstm",
  "run_id": "ebbcb3ce2bed4172986dbc8ffa60ed33",
  "experiment_id": "0",
  "accuracy": 0.42857142857142855,
  "precision": 0.5,
  "recall": 0.027777777777777776,
  "f1": 0.05263157894736842,
  "n_test": 63,
  "positive_rate_test": 0.5714285714285714,
  "confusion_matrix": [
    [
      26,
      1
    ],
    [
      35,
      1
    ]
  ],
  "roc_auc": 0.5174897119341564
}