{
  "model": "lstm",
  "run_id": "62cc05e72c204c998565b27730dcdc1b",
  "experiment_id": "410698173471227717",
  "accuracy": 0.4603174603174603,
  "precision": 0.5454545454545454,
  "recall": 0.3333333333333333,
  "f1": 0.41379310344827586,
  "n_test": 63,
  "positive_rate_test": 0.5714285714285714,
  "confusion_matrix": [
    [
      17,
      10
    ],
    [
      24,
      12
    ]
  ],
  "roc_auc": 0.4722222222222222
}