{
  "model": "lstm",
  "run_id": "a7407516959642a8a50e1521d535a9f8",
  "experiment_id": "0",
  "accuracy": 0.4603174603174603,
  "precision": 0.40816326530612246,
  "recall": 0.8,
  "f1": 0.5405405405405406,
  "n_test": 63,
  "positive_rate_test": 0.3968253968253968,
  "confusion_matrix": [
    [
      9,
      29
    ],
    [
      5,
      20
    ]
  ],
  "roc_auc": 0.4884210526315789
}