{
  "model": "lstm",
  "run_id": "386e0544247d43f3b61555c0eda5302b",
  "experiment_id": "0",
  "accuracy": 0.4444444444444444,
  "precision": 0.4,
  "recall": 0.8,
  "f1": 0.5333333333333333,
  "n_test": 63,
  "positive_rate_test": 0.3968253968253968,
  "confusion_matrix": [
    [
      8,
      30
    ],
    [
      5,
      20
    ]
  ],
  "roc_auc": 0.4947368421052632
}