{
  "model": "lstm",
  "run_id": "e8fcc7f65a69442697a0d61390f99f3c",
  "experiment_id": "708757615382932595",
  "accuracy": 0.3968253968253968,
  "precision": 0.4444444444444444,
  "recall": 0.10810810810810811,
  "f1": 0.17391304347826086,
  "n_test": 63,
  "positive_rate_test": 0.5873015873015873,
  "confusion_matrix": [
    [
      21,
      5
    ],
    [
      33,
      4
    ]
  ],
  "roc_auc": 0.48128898128898134
}