{
  "model": "lstm",
  "run_id": "163d0172f066409293d5ae6324a126b9",
  "experiment_id": "0",
  "accuracy": 0.4444444444444444,
  "precision": 0.5,
  "recall": 0.02857142857142857,
  "f1": 0.05405405405405406,
  "n_test": 63,
  "positive_rate_test": 0.5555555555555556,
  "confusion_matrix": [
    [
      27,
      1
    ],
    [
      34,
      1
    ]
  ],
  "roc_auc": 0.6163265306122448
}