{
  "model": "lstm",
  "run_id": "7ab195648255423e8a994e0215f15d6f",
  "experiment_id": "0",
  "accuracy": 0.5238095238095238,
  "precision": 0.375,
  "recall": 0.10714285714285714,
  "f1": 0.16666666666666666,
  "n_test": 63,
  "positive_rate_test": 0.4444444444444444,
  "confusion_matrix": [
    [
      30,
      5
    ],
    [
      25,
      3
    ]
  ],
  "roc_auc": 0.5
}