{
  "model": "lstm",
  "run_id": "f370ec981c22462da9cfdf6348e506dc",
  "experiment_id": "0",
  "accuracy": 0.4603174603174603,
  "precision": 0.4423076923076923,
  "recall": 0.8214285714285714,
  "f1": 0.575,
  "n_test": 63,
  "positive_rate_test": 0.4444444444444444,
  "confusion_matrix": [
    [
      6,
      29
    ],
    [
      5,
      23
    ]
  ],
  "roc_auc": 0.4989795918367347
}