{
  "model": "lstm",
  "run_id": "036525aa5eb34aab9d25a3d4e8de4bc4",
  "experiment_id": "0",
  "accuracy": 0.49206349206349204,
  "precision": 0.4375,
  "recall": 0.8076923076923077,
  "f1": 0.5675675675675675,
  "n_test": 63,
  "positive_rate_test": 0.4126984126984127,
  "confusion_matrix": [
    [
      10,
      27
    ],
    [
      5,
      21
    ]
  ],
  "roc_auc": 0.5395010395010394
}