{
  "model": "lstm",
  "run_id": "5f33a005ac1b423eb719bb407abb8f96",
  "experiment_id": "0",
  "accuracy": 0.4603174603174603,
  "precision": 0.4230769230769231,
  "recall": 0.8461538461538461,
  "f1": 0.5641025641025641,
  "n_test": 63,
  "positive_rate_test": 0.4126984126984127,
  "confusion_matrix": [
    [
      7,
      30
    ],
    [
      4,
      22
    ]
  ],
  "roc_auc": 0.4875259875259875
}