{
  "model": "lstm",
  "run_id": "f01b817e61c549c5bbff491feef3c91e",
  "experiment_id": "164853773355846992",
  "accuracy": 0.3968253968253968,
  "precision": 0.45454545454545453,
  "recall": 0.13513513513513514,
  "f1": 0.20833333333333334,
  "n_test": 63,
  "positive_rate_test": 0.5873015873015873,
  "confusion_matrix": [
    [
      20,
      6
    ],
    [
      32,
      5
    ]
  ],
  "roc_auc": 0.4854469854469854
}