{
  "model": "lstm",
  "run_id": "7f13ce63c8f940a692edcf11f73c6903",
  "experiment_id": "0",
  "accuracy": 0.5396825396825397,
  "precision": 0.46153846153846156,
  "recall": 0.4444444444444444,
  "f1": 0.4528301886792453,
  "n_test": 63,
  "positive_rate_test": 0.42857142857142855,
  "confusion_matrix": [
    [
      22,
      14
    ],
    [
      15,
      12
    ]
  ],
  "roc_auc": 0.492798353909465
}