{
  "model": "lstm",
  "run_id": "577709f094414634914c4cd46dc12240",
  "experiment_id": "0",
  "accuracy": 0.5555555555555556,
  "precision": 0.5,
  "recall": 0.25,
  "f1": 0.3333333333333333,
  "n_test": 63,
  "positive_rate_test": 0.4444444444444444,
  "confusion_matrix": [
    [
      28,
      7
    ],
    [
      21,
      7
    ]
  ],
  "roc_auc": 0.513265306122449
}