{
  "model": "lstm",
  "run_id": "82a5c6c923b24fa39f660a8e8746ee3c",
  "experiment_id": "866681736451375898",
  "accuracy": 0.49206349206349204,
  "precision": 0.56,
  "recall": 0.4,
  "f1": 0.4666666666666667,
  "n_test": 63,
  "positive_rate_test": 0.5555555555555556,
  "confusion_matrix": [
    [
      17,
      11
    ],
    [
      21,
      14
    ]
  ],
  "roc_auc": 0.48469387755102045
}