{
  "model": "lstm",
  "run_id": "88c0910965b5415d808962b432d2d18f",
  "experiment_id": "0",
  "accuracy": 0.5396825396825397,
  "precision": 0.5217391304347826,
  "recall": 0.4,
  "f1": 0.4528301886792453,
  "n_test": 63,
  "positive_rate_test": 0.47619047619047616,
  "confusion_matrix": [
    [
      22,
      11
    ],
    [
      18,
      12
    ]
  ],
  "roc_auc": 0.5181818181818182
}