{
  "model": "lstm",
  "run_id": "212a152296ce45e7be78aed77a5fd8b6",
  "experiment_id": "950991958287413940",
  "accuracy": 0.5079365079365079,
  "precision": 1.0,
  "recall": 0.16216216216216217,
  "f1": 0.27906976744186046,
  "n_test": 63,
  "positive_rate_test": 0.5873015873015873,
  "confusion_matrix": [
    [
      26,
      0
    ],
    [
      31,
      6
    ]
  ],
  "roc_auc": 0.4771309771309772
}