{
  "model": "lstm",
  "run_id": "88294789bc494a6594056e77a512ebbb",
  "experiment_id": "876260923484052734",
  "accuracy": 0.38095238095238093,
  "precision": 0.0,
  "recall": 0.0,
  "f1": 0.0,
  "n_test": 63,
  "positive_rate_test": 0.6031746031746031,
  "confusion_matrix": [
    [
      24,
      1
    ],
    [
      38,
      0
    ]
  ],
  "roc_auc": 0.5315789473684212
}