{
  "model": "lstm",
  "run_id": "12b1d430845b41a6b398bfa97ac79e74",
  "experiment_id": "0",
  "accuracy": 0.47619047619047616,
  "precision": 0.42857142857142855,
  "recall": 0.8076923076923077,
  "f1": 0.56,
  "n_test": 63,
  "positive_rate_test": 0.4126984126984127,
  "confusion_matrix": [
    [
      9,
      28
    ],
    [
      5,
      21
    ]
  ],
  "roc_auc": 0.4937629937629938
}