{
  "model": "lstm",
  "run_id": "0f95a5f9e300491eba1779f0f5221920",
  "experiment_id": "0",
  "accuracy": 0.4444444444444444,
  "precision": 0.3333333333333333,
  "recall": 0.029411764705882353,
  "f1": 0.05405405405405406,
  "n_test": 63,
  "positive_rate_test": 0.5396825396825397,
  "confusion_matrix": [
    [
      27,
      2
    ],
    [
      33,
      1
    ]
  ],
  "roc_auc": 0.5294117647058822
}