{
  "model": "lstm",
  "run_id": "2f80f230e18043229345fda643381345",
  "experiment_id": "0",
  "accuracy": 0.47619047619047616,
  "precision": 0.44,
  "recall": 0.8148148148148148,
  "f1": 0.5714285714285714,
  "n_test": 63,
  "positive_rate_test": 0.42857142857142855,
  "confusion_matrix": [
    [
      8,
      28
    ],
    [
      5,
      22
    ]
  ],
  "roc_auc": 0.5174897119341564
}