{
  "model": "lstm",
  "run_id": "3d1b9c25ffc843c3875ba0ce73228a1b",
  "experiment_id": "764743169301917272",
  "accuracy": 0.42857142857142855,
  "precision": 0.625,
  "recall": 0.13157894736842105,
  "f1": 0.21739130434782608,
  "n_test": 63,
  "positive_rate_test": 0.6031746031746031,
  "confusion_matrix": [
    [
      22,
      3
    ],
    [
      33,
      5
    ]
  ],
  "roc_auc": 0.4547368421052631
}