{
  "model": "lstm",
  "run_id": "161969580c364b769f81cbf5d870bd2d",
  "experiment_id": "0",
  "accuracy": 0.49206349206349204,
  "precision": 0.4444444444444444,
  "recall": 0.5714285714285714,
  "f1": 0.5,
  "n_test": 63,
  "positive_rate_test": 0.4444444444444444,
  "confusion_matrix": [
    [
      15,
      20
    ],
    [
      12,
      16
    ]
  ],
  "roc_auc": 0.5091836734693878
}