{
  "model": "lstm",
  "run_id": "f1b563b92fb248428ca4e56a8add501d",
  "experiment_id": "0",
  "accuracy": 0.47619047619047616,
  "precision": 0.2857142857142857,
  "recall": 0.06666666666666667,
  "f1": 0.10810810810810811,
  "n_test": 63,
  "positive_rate_test": 0.47619047619047616,
  "confusion_matrix": [
    [
      28,
      5
    ],
    [
      28,
      2
    ]
  ],
  "roc_auc": 0.4383838383838384
}