{
  "model": "lstm",
  "run_id": "12df1adddb0141739725f4281e8f2023",
  "experiment_id": "0",
  "accuracy": 0.4603174603174603,
  "precision": 0.3,
  "recall": 0.1,
  "f1": 0.15,
  "n_test": 63,
  "positive_rate_test": 0.47619047619047616,
  "confusion_matrix": [
    [
      26,
      7
    ],
    [
      27,
      3
    ]
  ],
  "roc_auc": 0.41818181818181815
}