{
  "model": "lstm",
  "run_id": "46e5ffccda244b11867b9437c4fdab0b",
  "experiment_id": "0",
  "accuracy": 0.4444444444444444,
  "precision": 0.0,
  "recall": 0.0,
  "f1": 0.0,
  "n_test": 63,
  "positive_rate_test": 0.5555555555555556,
  "confusion_matrix": [
    [
      28,
      0
    ],
    [
      35,
      0
    ]
  ],
  "roc_auc": 0.5908163265306122
}