{
  "model": "lstm",
  "run_id": "8c86698b6c8b45a0931291e2c8231b47",
  "experiment_id": "0",
  "accuracy": 0.5079365079365079,
  "precision": 0.5277777777777778,
  "recall": 0.5757575757575758,
  "f1": 0.5507246376811594,
  "n_test": 63,
  "positive_rate_test": 0.5238095238095238,
  "confusion_matrix": [
    [
      13,
      17
    ],
    [
      14,
      19
    ]
  ],
  "roc_auc": 0.49393939393939396
}