{
  "model": "lstm",
  "run_id": "221076382e5e44779613816e3debd1a4",
  "experiment_id": "0",
  "accuracy": 0.5079365079365079,
  "precision": 0.625,
  "recall": 0.15151515151515152,
  "f1": 0.24390243902439024,
  "n_test": 63,
  "positive_rate_test": 0.5238095238095238,
  "confusion_matrix": [
    [
      27,
      3
    ],
    [
      28,
      5
    ]
  ],
  "roc_auc": 0.5343434343434342
}