{
  "model": "lstm",
  "run_id": "a2e55b44122c4ad2b5c46d71c46899b3",
  "experiment_id": "0",
  "accuracy": 0.5396825396825397,
  "precision": 0.4444444444444444,
  "recall": 0.46153846153846156,
  "f1": 0.4528301886792453,
  "n_test": 63,
  "positive_rate_test": 0.4126984126984127,
  "confusion_matrix": [
    [
      22,
      15
    ],
    [
      14,
      12
    ]
  ],
  "roc_auc": 0.4948024948024948
}