{
  "model": "lstm",
  "run_id": "610149b336824689890c319df10016a0",
  "experiment_id": "0",
  "accuracy": 0.49206349206349204,
  "precision": 0.4358974358974359,
  "recall": 0.6296296296296297,
  "f1": 0.5151515151515151,
  "n_test": 63,
  "positive_rate_test": 0.42857142857142855,
  "confusion_matrix": [
    [
      14,
      22
    ],
    [
      10,
      17
    ]
  ],
  "roc_auc": 0.5329218106995884
}