{
  "model": "lstm",
  "run_id": "f91c40a82fc44a8086032ec638e69119",
  "experiment_id": "0",
  "accuracy": 0.4603174603174603,
  "precision": 0.2,
  "recall": 0.03225806451612903,
  "f1": 0.05555555555555555,
  "n_test": 63,
  "positive_rate_test": 0.49206349206349204,
  "confusion_matrix": [
    [
      28,
      4
    ],
    [
      30,
      1
    ]
  ],
  "roc_auc": 0.4899193548387097
}