{
  "model": "lstm",
  "run_id": "0b47907eca0a491e99555a9d4283d690",
  "experiment_id": "0",
  "accuracy": 0.4603174603174603,
  "precision": 0.3333333333333333,
  "recall": 0.0625,
  "f1": 0.10526315789473684,
  "n_test": 63,
  "positive_rate_test": 0.5079365079365079,
  "confusion_matrix": [
    [
      27,
      4
    ],
    [
      30,
      2
    ]
  ],
  "roc_auc": 0.4506048387096775
}