{
  "model": "lstm",
  "run_id": "4dec9f150a554ec997014351afea68e5",
  "experiment_id": "0",
  "accuracy": 0.4603174603174603,
  "precision": 0.3333333333333333,
  "recall": 0.0967741935483871,
  "f1": 0.15,
  "n_test": 63,
  "positive_rate_test": 0.49206349206349204,
  "confusion_matrix": [
    [
      26,
      6
    ],
    [
      28,
      3
    ]
  ],
  "roc_auc": 0.44052419354838707
}