{
  "model": "lstm",
  "run_id": "7b51d41a8c7f4b49acb619c6358183d0",
  "experiment_id": "0",
  "accuracy": 0.5079365079365079,
  "precision": 0.3333333333333333,
  "recall": 0.10714285714285714,
  "f1": 0.16216216216216217,
  "n_test": 63,
  "positive_rate_test": 0.4444444444444444,
  "confusion_matrix": [
    [
      29,
      6
    ],
    [
      25,
      3
    ]
  ],
  "roc_auc": 0.4704081632653061
}