{
  "model": "lstm",
  "run_id": "0d9d2ee9dc4546d3b6731f20f273acfb",
  "experiment_id": "0",
  "accuracy": 0.5238095238095238,
  "precision": 0.4117647058823529,
  "recall": 0.25925925925925924,
  "f1": 0.3181818181818182,
  "n_test": 63,
  "positive_rate_test": 0.42857142857142855,
  "confusion_matrix": [
    [
      26,
      10
    ],
    [
      20,
      7
    ]
  ],
  "roc_auc": 0.4835390946502058
}