{
  "model": "lstm",
  "run_id": "b13eeaa543cb485288b4a35ec759cffb",
  "experiment_id": "0",
  "accuracy": 0.49206349206349204,
  "precision": 0.5333333333333333,
  "recall": 0.47058823529411764,
  "f1": 0.5,
  "n_test": 63,
  "positive_rate_test": 0.5396825396825397,
  "confusion_matrix": [
    [
      15,
      14
    ],
    [
      18,
      16
    ]
  ],
  "roc_auc": 0.5081135902636917
}