{
  "model": "lstm",
  "run_id": "0a176d7eec744ae2837461829534c3d1",
  "experiment_id": "0",
  "accuracy": 0.49206349206349204,
  "precision": 0.3333333333333333,
  "recall": 0.10344827586206896,
  "f1": 0.15789473684210525,
  "n_test": 63,
  "positive_rate_test": 0.4603174603174603,
  "confusion_matrix": [
    [
      28,
      6
    ],
    [
      26,
      3
    ]
  ],
  "roc_auc": 0.4340770791075051
}