{
  "model": "lstm",
  "run_id": "5aac989137ab42b98eb56779bca55544",
  "experiment_id": "0",
  "accuracy": 0.42857142857142855,
  "precision": 0.4444444444444444,
  "recall": 0.23529411764705882,
  "f1": 0.3076923076923077,
  "n_test": 63,
  "positive_rate_test": 0.5396825396825397,
  "confusion_matrix": [
    [
      19,
      10
    ],
    [
      26,
      8
    ]
  ],
  "roc_auc": 0.49188640973630837
}