{
  "model": "lstm",
  "run_id": "fcfed055049e45e3a687bded49263ecc",
  "experiment_id": "418330352237342106",
  "accuracy": 0.38095238095238093,
  "precision": 0.5,
  "recall": 0.10256410256410256,
  "f1": 0.1702127659574468,
  "n_test": 63,
  "positive_rate_test": 0.6190476190476191,
  "confusion_matrix": [
    [
      20,
      4
    ],
    [
      35,
      4
    ]
  ],
  "roc_auc": 0.47756410256410253
}