{
  "model": "lstm",
  "run_id": "e339af8c035743cbbb422625cc9d74bd",
  "experiment_id": "0",
  "accuracy": 0.4444444444444444,
  "precision": 0.0,
  "recall": 0.0,
  "f1": 0.0,
  "n_test": 63,
  "positive_rate_test": 0.5555555555555556,
  "confusion_matrix": [
    [
      28,
      0
    ],
    [
      35,
      0
    ]
  ],
  "roc_auc": 0.5234693877551021
}