{
  "model": "lstm",
  "run_id": "42da7ab761a543e189f49c46dcded819",
  "experiment_id": "0",
  "accuracy": 0.5238095238095238,
  "precision": 0.5769230769230769,
  "recall": 0.4411764705882353,
  "f1": 0.5,
  "n_test": 63,
  "positive_rate_test": 0.5396825396825397,
  "confusion_matrix": [
    [
      18,
      11
    ],
    [
      19,
      15
    ]
  ],
  "roc_auc": 0.4766734279918864
}