{
  "model": "lstm",
  "run_id": "ac8ffb4c0728491990d2c81938324077",
  "experiment_id": "0",
  "accuracy": 0.49206349206349204,
  "precision": 0.43243243243243246,
  "recall": 0.5925925925925926,
  "f1": 0.5,
  "n_test": 63,
  "positive_rate_test": 0.42857142857142855,
  "confusion_matrix": [
    [
      15,
      21
    ],
    [
      11,
      16
    ]
  ],
  "roc_auc": 0.5041152263374485
}