{
  "model": "lstm",
  "run_id": "76b34c82f8b64ad2baf7d00ad23873eb",
  "experiment_id": "0",
  "accuracy": 0.4603174603174603,
  "precision": 0.5625,
  "recall": 0.25,
  "f1": 0.34615384615384615,
  "n_test": 63,
  "positive_rate_test": 0.5714285714285714,
  "confusion_matrix": [
    [
      20,
      7
    ],
    [
      27,
      9
    ]
  ],
  "roc_auc": 0.5462962962962963
}