{
  "model": "lstm",
  "run_id": "6854a1b1c10f4095932cab23150d0adc",
  "experiment_id": "0",
  "accuracy": 0.47619047619047616,
  "precision": 0.42857142857142855,
  "recall": 0.09375,
  "f1": 0.15384615384615385,
  "n_test": 63,
  "positive_rate_test": 0.5079365079365079,
  "confusion_matrix": [
    [
      27,
      4
    ],
    [
      29,
      3
    ]
  ],
  "roc_auc": 0.502016129032258
}