{
  "model": "lstm",
  "run_id": "e551d824363f4ce690b43533d2efb157",
  "experiment_id": "0",
  "accuracy": 0.4603174603174603,
  "precision": 0.0,
  "recall": 0.0,
  "f1": 0.0,
  "n_test": 63,
  "positive_rate_test": 0.5238095238095238,
  "confusion_matrix": [
    [
      29,
      1
    ],
    [
      33,
      0
    ]
  ],
  "roc_auc": 0.5444444444444445
}