{
  "model": "lstm",
  "run_id": "faacf6f137d344c6b0c41663c00bb54c",
  "experiment_id": "0",
  "accuracy": 0.5714285714285714,
  "precision": 0.5,
  "recall": 0.5185185185185185,
  "f1": 0.509090909090909,
  "n_test": 63,
  "positive_rate_test": 0.42857142857142855,
  "confusion_matrix": [
    [
      22,
      14
    ],
    [
      13,
      14
    ]
  ],
  "roc_auc": 0.529835390946502
}