{
  "model": "lstm",
  "run_id": "83531ebc8d074571a1b59450199738b8",
  "experiment_id": "0",
  "accuracy": 0.4444444444444444,
  "precision": 0.4166666666666667,
  "recall": 0.7407407407407407,
  "f1": 0.5333333333333333,
  "n_test": 63,
  "positive_rate_test": 0.42857142857142855,
  "confusion_matrix": [
    [
      8,
      28
    ],
    [
      7,
      20
    ]
  ],
  "roc_auc": 0.46502057613168724
}